id,status_raw,size,price,last_updated,Unnamed: 5,status,color
Erf-001,Unavailable,491,,2026-01-28 15:05:44,2026-01-28 15:05:44,unavailable,#d93025
Erf-002,Unavailable,491,,2026-01-28 15:05:44,,unavailable,#d93025
Erf-003,Reserved,491,,2026-01-28 15:05:44,,reserved,#f4b400
Erf-004,Available,491,,2026-01-28 15:05:44,,available,#2ecc71
Erf-005,Available,491,,2026-01-28 15:05:44,,available,#2ecc71
Erf-006,Unavailable,491,,2026-01-28 15:05:44,,unavailable,#d93025
Erf-007,Unavailable,491,,2026-01-28 15:05:44,,unavailable,#d93025
Erf-008,Unavailable,491,,2026-01-28 15:05:44,,unavailable,#d93025
Erf-009,Unavailable,491,,2026-01-28 15:05:44,,unavailable,#d93025
Erf-010,Unavailable,491,,2026-01-28 15:05:44,,unavailable,#d93025
Erf-011,Unavailable,491,,2026-01-28 15:05:44,,unavailable,#d93025
Erf-012,Unavailable,491,,2026-01-28 15:05:44,,unavailable,#d93025
Erf-013,Unavailable,491,,2026-01-28 15:05:44,,unavailable,#d93025
Erf-014,Unavailable,491,,2026-01-28 15:05:44,,unavailable,#d93025
Erf-015,Unavailable,491,,2026-01-28 15:05:44,,unavailable,#d93025
Erf-016,Unavailable,491,,2026-01-28 15:05:44,,unavailable,#d93025
Erf-017,Unavailable,491,,2026-01-28 15:05:44,,unavailable,#d93025
Erf-018,Unavailable,491,,2026-01-28 15:05:44,,unavailable,#d93025
Erf-019,Reserved,491,,2026-01-28 15:05:44,,reserved,#f4b400
Erf-020,Reserved,491,,2026-01-28 15:05:44,,reserved,#f4b400
Erf-021,Available,491,,2026-01-28 15:05:44,,available,#2ecc71
Erf-022,Available,491,,2026-01-28 15:05:44,,available,#2ecc71
Erf-023,Available,491,,2026-01-28 15:05:44,,available,#2ecc71
Erf-024,Available,491,,2026-01-28 15:05:44,,available,#2ecc71
Erf-025,Reserved,491,,2026-01-28 15:05:44,,reserved,#f4b400
Erf-026,Available,491,,2026-01-28 15:05:44,,available,#2ecc71
Erf-027,Available,491,,2026-01-28 15:05:44,,available,#2ecc71
Erf-028,Available,490,,2026-01-28 15:05:44,,available,#2ecc71
Erf-029,Available,492,,2026-01-28 15:05:44,,available,#2ecc71
Erf-030,Available,491,,2026-01-28 15:05:44,,available,#2ecc71
Erf-031,Available,491,,2026-01-28 15:05:44,,available,#2ecc71
Erf-032,Available,491,,2026-01-28 15:05:44,,available,#2ecc71
Erf-033,Available,491,,2026-01-28 15:05:44,,available,#2ecc71
Erf-034,Available,491,,2026-01-28 15:05:44,,available,#2ecc71
Erf-035,Available,491,,2026-01-28 15:05:44,,available,#2ecc71
Erf-036,Available,491,,2026-01-28 15:05:44,,available,#2ecc71
Erf-037,Unavailable,491,,2026-01-28 15:05:44,,unavailable,#d93025
Erf-038,Available,491,,2026-01-28 15:05:44,,available,#2ecc71
Erf-039,Available,499,,2026-01-28 15:05:44,,available,#2ecc71
Erf-040,Available,507,,2026-01-28 15:05:44,,available,#2ecc71
Erf-041,Available,507,,2026-01-28 15:05:44,,available,#2ecc71
Erf-042,Unavailable,521,,2026-01-28 15:05:44,,unavailable,#d93025
Erf-043,Available,511,,2026-01-28 15:05:44,,available,#2ecc71
Erf-044,Available,504,,2026-01-28 15:05:44,,available,#2ecc71
Erf-045,Available,498,,2026-01-28 15:05:44,,available,#2ecc71
Erf-046,Unavailable,647,,2026-01-28 15:05:44,,unavailable,#d93025
Erf-047,Unavailable,500,,2026-01-28 15:05:44,,unavailable,#d93025
Erf-048,Available,494,,2026-01-28 15:05:44,,available,#2ecc71
Erf-049,Available,496,,2026-01-28 15:05:44,,available,#2ecc71
Erf-050,Available,490,,2026-01-28 15:05:44,,available,#2ecc71
Erf-051,Available,490,,2026-01-28 15:05:44,,available,#2ecc71
Erf-052,Available,490,,2026-01-28 15:05:44,,available,#2ecc71
Erf-053,Unavailable,490,,2026-01-28 15:05:44,,unavailable,#d93025
Erf-054,Unavailable,490,,2026-01-28 15:05:44,,unavailable,#d93025
Erf-055,Available,490,,2026-01-28 15:05:44,,available,#2ecc71
Erf-056,Available,490,,2026-01-28 15:05:44,,available,#2ecc71
Erf-057,Available,492,,2026-01-28 15:05:44,,available,#2ecc71
Erf-058,Available,490,,2026-01-28 15:05:44,,available,#2ecc71
Erf-059,Available,488,,2026-01-28 15:05:44,,available,#2ecc71
Erf-060,Unavailable,492,,2026-01-28 15:05:44,,unavailable,#d93025
Erf-061,Available,493,,2026-01-28 15:05:44,,available,#2ecc71
Erf-062,Unavailable,494,,2026-01-28 15:05:44,,unavailable,#d93025
Erf-063,Available,495,,2026-01-28 15:05:44,,available,#2ecc71
Erf-064,Available,497,,2026-01-28 15:05:44,,available,#2ecc71
Erf-065,Available,498,,2026-01-28 15:05:44,,available,#2ecc71
Erf-066,Available,499,,2026-01-28 15:05:44,,available,#2ecc71
Erf-067,Unavailable,499,,2026-01-28 15:05:44,,unavailable,#d93025
Erf-068,Unavailable,500,,2026-01-28 15:05:44,,unavailable,#d93025
Erf-069,Available,501,,2026-01-28 15:05:44,,available,#2ecc71
Erf-070,Available,501,,2026-01-28 15:05:44,,available,#2ecc71
Erf-071,Unavailable,501,,2026-01-28 15:05:44,,unavailable,#d93025
Erf-072,Available,502,,2026-01-28 15:05:44,,available,#2ecc71
Erf-073,Available,502,,2026-01-28 15:05:44,,available,#2ecc71
Erf-074,Available,502,,2026-01-28 15:05:44,,available,#2ecc71
Erf-075,Unavailable,502,,2026-01-28 15:05:44,,unavailable,#d93025
Erf-076,Available,486,,2026-01-28 15:05:44,,available,#2ecc71
Erf-077,Available,491,,2026-01-28 15:05:44,,available,#2ecc71
Erf-078,Available,491,,2026-01-28 15:05:44,,available,#2ecc71
Erf-079,Available,488,,2026-01-28 15:05:44,,available,#2ecc71
Erf-080,Available,495,,2026-01-28 15:05:44,,available,#2ecc71
Erf-081,Available,504,,2026-01-28 15:05:44,,available,#2ecc71
Erf-082,Available,491,,2026-01-28 15:05:44,,available,#2ecc71
Erf-083,Available,491,,2026-01-28 15:05:44,,available,#2ecc71
Erf-084,Available,491,,2026-01-28 15:05:44,,available,#2ecc71
Erf-085,Unavailable,492,,2026-01-28 15:05:44,,unavailable,#d93025
Erf-086,Unavailable,482,,2026-01-28 15:05:44,,unavailable,#d93025
Erf-087,Unavailable,484,,2026-01-28 15:05:44,,unavailable,#d93025
Erf-088,Available,487,,2026-01-28 15:05:44,,available,#2ecc71
Erf-089,Available,483,,2026-01-28 15:05:44,,available,#2ecc71
Erf-090,Available,487,,2026-01-28 15:05:44,,available,#2ecc71
Erf-091,Available,488,,2026-01-28 15:05:44,,available,#2ecc71
Erf-092,Available,499,,2026-01-28 15:05:44,,available,#2ecc71
Erf-093,Available,499,,2026-01-28 15:05:44,,available,#2ecc71
Erf-094,Available,490,,2026-01-28 15:05:44,,available,#2ecc71
Erf-095,Available,487,,2026-01-28 15:05:44,,available,#2ecc71
Erf-096,Available,490,,2026-01-28 15:05:44,,available,#2ecc71
Erf-097,Available,487,,2026-01-28 15:05:44,,available,#2ecc71
Erf-098,Available,486,,2026-01-28 15:05:44,,available,#2ecc71
Erf-099,Available,491,,2026-01-28 15:05:44,,available,#2ecc71
Erf-100,Unavailable,492,,2026-01-28 15:05:44,,unavailable,#d93025
Erf-101,Unavailable,491,,2026-01-28 15:05:44,,unavailable,#d93025
Erf-102,Available,491,,2026-01-28 15:05:44,,available,#2ecc71
Erf-103,Available,491,,2026-01-28 15:05:44,,available,#2ecc71
Erf-104,Available,489,,2026-01-28 15:05:44,,available,#2ecc71
Erf-105,Unavailable,493,,2026-01-28 15:05:44,,unavailable,#d93025
Erf-106,Available,491,,2026-01-28 15:05:44,,available,#2ecc71
Erf-107,Available,491,,2026-01-28 15:05:44,,available,#2ecc71
Erf-108,Available,491,,2026-01-28 15:05:44,,available,#2ecc71
Erf-109,Available,491,,2026-01-28 15:05:44,,available,#2ecc71
Erf-110,Available,491,,2026-01-28 15:05:44,,available,#2ecc71
Erf-111,Available,491,,2026-01-28 15:05:44,,available,#2ecc71
Erf-112,Available,491,,2026-01-28 15:05:44,,available,#2ecc71
Erf-113,Available,491,,2026-01-28 15:05:44,,available,#2ecc71
Erf-114,Unavailable,499,,2026-01-28 15:05:44,,unavailable,#d93025
Erf-115,Available,499,,2026-01-28 15:05:44,,available,#2ecc71
Erf-116,Available,499,,2026-01-28 15:05:44,,available,#2ecc71
Erf-117,Available,499,,2026-01-28 15:05:44,,available,#2ecc71
Erf-118,Available,499,,2026-01-28 15:05:44,,available,#2ecc71
Erf-119,Available,499,,2026-01-28 15:05:44,,available,#2ecc71
Erf-120,Available,499,,2026-01-28 15:05:44,,available,#2ecc71
Erf-121,Available,499,,2026-01-28 15:05:44,,available,#2ecc71
Erf-122,Available,501,,2026-01-28 15:05:44,,available,#2ecc71
Erf-123,Available,496,,2026-01-28 15:05:44,,available,#2ecc71
Erf-124,Unavailable,498,,2026-01-28 15:05:44,,unavailable,#d93025
Erf-125,Available,498,,2026-01-28 15:05:44,,available,#2ecc71
Erf-126,Available,498,,2026-01-28 15:05:44,,available,#2ecc71
Erf-127,Unavailable,495,,2026-01-28 15:05:44,,unavailable,#d93025
Erf-128,Available,501,,2026-01-28 15:05:44,,available,#2ecc71
Erf-129,Available,499,,2026-01-28 15:05:44,,available,#2ecc71
Erf-130,Available,494,,2026-01-28 15:05:44,,available,#2ecc71
Erf-131,Available,497,,2026-01-28 15:05:44,,available,#2ecc71
Erf-132,Available,501,,2026-01-28 15:05:44,,available,#2ecc71
Erf-133,Available,497,,2026-01-28 15:05:44,,available,#2ecc71
Erf-134,Unavailable,501,,2026-01-28 15:05:44,,unavailable,#d93025
Erf-135,Available,499,,2026-01-28 15:05:44,,available,#2ecc71
Erf-136,Available,497,,2026-01-28 15:05:44,,available,#2ecc71
Erf-137,Available,500,,2026-01-28 15:05:44,,available,#2ecc71
Erf-138,Available,498,,2026-01-28 15:05:44,,available,#2ecc71
Erf-139,Available,509,,2026-01-28 15:05:44,,available,#2ecc71
Erf-140,Available,504,,2026-01-28 15:05:44,,available,#2ecc71
Erf-141,Available,500,,2026-01-28 15:05:44,,available,#2ecc71
Erf-142,Unavailable,499,,2026-01-28 15:05:44,,unavailable,#d93025
Erf-143,Unavailable,490,,2026-01-28 15:05:44,,unavailable,#d93025
Erf-144,Available,490,,2026-01-28 15:05:44,,available,#2ecc71
Erf-145,Available,490,,2026-01-28 15:05:44,,available,#2ecc71
Erf-146,Available,490,,2026-01-28 15:05:44,,available,#2ecc71
Erf-147,Available,474,,2026-01-28 15:05:44,,available,#2ecc71
Erf-148,Available,491,,2026-01-28 15:05:44,,available,#2ecc71
Erf-149,Available,491,,2026-01-28 15:05:44,,available,#2ecc71
Erf-150,Available,491,,2026-01-28 15:05:44,,available,#2ecc71
Erf-151,Unavailable,491,,2026-01-28 15:05:44,,unavailable,#d93025
Erf-152,Available,493,,2026-01-28 15:05:44,,available,#2ecc71
Erf-153,Available,493,,2026-01-28 15:05:44,,available,#2ecc71
Erf-154,Available,492,,2026-01-28 15:05:44,,available,#2ecc71
Erf-155,Available,491,,2026-01-28 15:05:44,,available,#2ecc71
Erf-156,Available,491,,2026-01-28 15:05:44,,available,#2ecc71
Erf-157,Unavailable,490,,2026-01-28 15:05:44,,unavailable,#d93025
Erf-158,Unavailable,490,,2026-01-28 15:05:44,,unavailable,#d93025
Erf-159,Unavailable,494,,2026-01-28 15:05:44,,unavailable,#d93025
Erf-160,Unavailable,483,,2026-01-28 15:05:44,,unavailable,#d93025
Erf-161,Unavailable,489,,2026-01-28 15:05:44,,unavailable,#d93025
Erf-162,Available,486,,2026-01-28 15:05:44,,available,#2ecc71
Erf-163,Available,490,,2026-01-28 15:05:44,,available,#2ecc71
Erf-164,Unavailable,488,,2026-01-28 15:05:44,,unavailable,#d93025
Erf-165,Available,490,,2026-01-28 15:05:44,,available,#2ecc71
Erf-166,Unavailable,490,,2026-01-28 15:05:44,,unavailable,#d93025
Erf-167,Available,551,,2026-01-28 15:05:44,,available,#2ecc71
Erf-168,Unavailable,491,,2026-01-28 15:05:44,,unavailable,#d93025
Erf-169,Unavailable,490,,2026-01-28 15:05:44,,unavailable,#d93025
Erf-170,Unavailable,491,,2026-01-28 15:05:44,,unavailable,#d93025
Erf-171,Unavailable,491,,2026-01-28 15:05:44,,unavailable,#d93025
Erf-172,Unavailable,491,,2026-01-28 15:05:44,,unavailable,#d93025
Erf-173,Unavailable,491,,2026-01-28 15:05:44,,unavailable,#d93025
Erf-174,Unavailable,491,,2026-01-28 15:05:44,,unavailable,#d93025
Erf-175,Unavailable,491,,2026-01-28 15:05:44,,unavailable,#d93025
Erf-176,Available,491,,2026-01-28 15:05:44,,available,#2ecc71
Erf-177,Available,491,,2026-01-28 15:05:44,,available,#2ecc71
Erf-178,Unavailable,491,,2026-01-28 15:05:44,,unavailable,#d93025
Erf-179,Available,460,,2026-01-28 15:05:44,,available,#2ecc71
Erf-180,Available,491,,2026-01-28 15:05:44,,available,#2ecc71
Erf-181,Available,491,,2026-01-28 15:05:44,,available,#2ecc71
Erf-182,Unavailable,491,,2026-01-28 15:05:44,,unavailable,#d93025
Erf-183,Unavailable,491,,2026-01-28 15:05:44,,unavailable,#d93025
Erf-184,Available,491,,2026-01-28 15:05:44,,available,#2ecc71
Erf-185,Available,491,,2026-01-28 15:05:44,,available,#2ecc71
Erf-186,Available,492,,2026-01-28 15:05:44,,available,#2ecc71
Erf-187,Unavailable,491,,2026-01-28 15:05:44,,unavailable,#d93025
Erf-188,Unavailable,492,,2026-01-28 15:05:44,,unavailable,#d93025
Erf-189,Unavailable,492,,2026-01-28 15:05:44,,unavailable,#d93025
Erf-190,Unavailable,491,,2026-01-28 15:05:44,,unavailable,#d93025
Erf-191,Unavailable,492,,2026-01-28 15:05:44,,unavailable,#d93025
Erf-192,Unavailable,492,,2026-01-28 15:05:44,,unavailable,#d93025
Erf-193,Unavailable,493,,2026-01-28 15:05:44,,unavailable,#d93025
Erf-194,Unavailable,493,,2026-01-28 15:05:44,,unavailable,#d93025
Erf-195,Unavailable,488,,2026-01-28 15:05:44,,unavailable,#d93025
Erf-196,Reserved,483,,2026-01-28 15:05:44,,reserved,#f4b400
Erf-197,Available,493,,2026-01-28 15:05:44,,available,#2ecc71
Erf-198,Available,493,,2026-01-28 15:05:44,,available,#2ecc71
Erf-199,Available,493,,2026-01-28 15:05:44,,available,#2ecc71
Erf-200,Available,493,,2026-01-28 15:05:44,,available,#2ecc71
Erf-201,Available,493,,2026-01-28 15:05:44,,available,#2ecc71
Erf-202,Available,493,,2026-01-28 15:05:44,,available,#2ecc71
Erf-203,Available,493,,2026-01-28 15:05:44,,available,#2ecc71
Erf-204,Available,489,,2026-01-28 15:05:44,,available,#2ecc71
Erf-205,Available,521,,2026-01-28 15:05:44,,available,#2ecc71
Erf-206,Available,529,,2026-01-28 15:05:44,,available,#2ecc71
Erf-207,Available,532,,2026-01-28 15:05:44,,available,#2ecc71
Erf-208,Available,536,,2026-01-28 15:05:44,,available,#2ecc71
Erf-209,Available,540,,2026-01-28 15:05:44,,available,#2ecc71
Erf-210,Available,542,,2026-01-28 15:05:44,,available,#2ecc71
Erf-211,Unavailable,572,,2026-01-28 15:05:44,,unavailable,#d93025
Erf-212,Unavailable,545,,2026-01-28 15:05:44,,unavailable,#d93025
Erf-213,Available,540,,2026-01-28 15:05:44,,available,#2ecc71
Erf-214,Available,538,,2026-01-28 15:05:44,,available,#2ecc71
Erf-215,Available,534,,2026-01-28 15:05:44,,available,#2ecc71
Erf-216,Available,531,,2026-01-28 15:05:44,,available,#2ecc71
Erf-217,Available,528,,2026-01-28 15:05:44,,available,#2ecc71
Erf-218,Available,530,,2026-01-28 15:05:44,,available,#2ecc71
Erf-219,Available,542,,2026-01-28 15:05:44,,available,#2ecc71
Erf-220,Unavailable,541,,2026-01-28 15:05:44,,unavailable,#d93025
Erf-221,Available,534,,2026-01-28 15:05:44,,available,#2ecc71
Erf-222,Available,528,,2026-01-28 15:05:44,,available,#2ecc71
Erf-223,Available,522,,2026-01-28 15:05:44,,available,#2ecc71
Erf-224,Available,515,,2026-01-28 15:05:44,,available,#2ecc71
Erf-225,Available,509,,2026-01-28 15:05:44,,available,#2ecc71
Erf-226,Available,502,,2026-01-28 15:05:44,,available,#2ecc71
Erf-227,Available,487,,2026-01-28 15:05:44,,available,#2ecc71
Erf-228,Unavailable,493,,2026-01-28 15:05:44,,unavailable,#d93025
Erf-229,Unavailable,491,,2026-01-28 15:05:44,,unavailable,#d93025
Erf-230,Available,491,,2026-01-28 15:05:44,,available,#2ecc71
Erf-231,Available,491,,2026-01-28 15:05:44,,available,#2ecc71
Erf-232,Unavailable,491,,2026-01-28 15:05:44,,unavailable,#d93025
Erf-233,Unavailable,491,,2026-01-28 15:05:44,,unavailable,#d93025
Erf-234,Available,491,,2026-01-28 15:05:44,,available,#2ecc71
Erf-235,Available,492,,2026-01-28 15:05:44,,available,#2ecc71
Erf-236,Unavailable,491,,2026-01-28 15:05:44,,unavailable,#d93025
Erf-237,Available,483,,2026-01-28 15:05:44,,available,#2ecc71
Erf-238,Available,494,,2026-01-28 15:05:44,,available,#2ecc71
Erf-239,Available,493,,2026-01-28 15:05:44,,available,#2ecc71
Erf-240,Available,494,,2026-01-28 15:05:44,,available,#2ecc71
Erf-241,Available,494,,2026-01-28 15:05:44,,available,#2ecc71
Erf-242,Available,494,,2026-01-28 15:05:44,,available,#2ecc71
Erf-243,Available,493,,2026-01-28 15:05:44,,available,#2ecc71
Erf-244,Available,490,,2026-01-28 15:05:44,,available,#2ecc71
Erf-245,Available,492,,2026-01-28 15:05:44,,available,#2ecc71
Erf-246,Available,492,,2026-01-28 15:05:44,,available,#2ecc71
Erf-247,Available,491,,2026-01-28 15:05:44,,available,#2ecc71
Erf-248,Available,491,,2026-01-28 15:05:44,,available,#2ecc71
Erf-249,Available,492,,2026-01-28 15:05:44,,available,#2ecc71
Erf-250,Unavailable,468,,2026-01-28 15:05:44,,unavailable,#d93025
